"NAME","mean_outcome","mean_urban","mean_wealth","n_clusters","total_women","country_code","country_name","year","total_exports","ln_total_exports"
"ADARAWA",0.512820512820513,0,1.33333333333333,1,39,566,"Nigeria",2008,0,0
"AFO",0.0408163265306122,0,3.46938775510204,1,49,566,"Nigeria",2008,0,0
"ANGAS",0.511194029850746,0.119402985074627,1.8544776119403,13,536,566,"Nigeria",2008,0,0
"ARAGO",0.152380952380952,0.219047619047619,3.67619047619048,4,105,566,"Nigeria",2008,0,0
"AUYOKAWA",0.50328227571116,0.0853391684901532,1.7308533916849,11,457,566,"Nigeria",2008,0,0
"BACHAMA",0.162790697674419,0,1.88372093023256,1,43,566,"Nigeria",2008,0,0
"BARGU",0.361111111111111,0,2.91666666666667,2,72,566,"Nigeria",2008,21708,9.98548220008876
"BASA",0.239130434782609,0.445652173913043,2.60869565217391,2,92,566,"Nigeria",2008,773,6.65157187358973
"BATA",0.441176470588235,0,1.69607843137255,2,102,566,"Nigeria",2008,0,0
"BAUCHI",0.68695652173913,0,1.4,3,115,566,"Nigeria",2008,0,0
"BEDE",0.177570093457944,0.228971962616822,2.57476635514019,5,214,566,"Nigeria",2008,108,4.69134788222914
"BERIBERI",0.447058823529412,0,1.08235294117647,2,85,566,"Nigeria",2008,0,0
"BIROM",0.523809523809524,0.523809523809524,2.74074074074074,4,189,566,"Nigeria",2008,36,3.61091791264422
"BOKI",0.540540540540541,0,2.7027027027027,2,74,566,"Nigeria",2008,36,3.61091791264422
"BOLEWA",0.469750889679715,0.231316725978648,1.97864768683274,6,281,566,"Nigeria",2008,90,4.51085950651685
"BUNU",0.360655737704918,0.169398907103825,3.46994535519126,6,183,566,"Nigeria",2008,2164,7.68017564043659
"BURA",0.8,0,1.78461538461538,1,65,566,"Nigeria",2008,0,0
"BUSA",0.64367816091954,0.252873563218391,2.37931034482759,4,174,566,"Nigeria",2008,18,2.94443897916644
"BUTAWA",0.723684210526316,0,1.11842105263158,2,76,566,"Nigeria",2008,0,0
"CHAMBA",0.606481481481482,0.199074074074074,1.91666666666667,4,216,566,"Nigeria",2008,11718,9.3689667352586
"EDO",0.161476355247982,0.542099192618224,4.04959630911188,24,867,566,"Nigeria",2008,12697,9.4491997797304
"EGBA",0.278704612365064,0.657507360157017,4.28949950932287,30,1019,566,"Nigeria",2008,47,3.87120101090789
"EGEDE",0.451327433628319,0.300884955752212,3.12389380530973,3,113,566,"Nigeria",2008,0,0
"EKITI",0.253638253638254,0.473319473319473,3.53153153153153,44,1443,566,"Nigeria",2008,0,0
"EKOI",0.297297297297297,0,2.62162162162162,1,37,566,"Nigeria",2008,1492,7.30854279753919
"GBARI",0.2480181200453,0.602491506228766,3.6885617214043,25,883,566,"Nigeria",2008,1395,7.24136628332232
"GERAWA",0.244274809160305,0.389312977099237,2.21374045801527,3,131,566,"Nigeria",2008,0,0
"GILI",0.21978021978022,0.538461538461538,2.92307692307692,2,91,566,"Nigeria",2008,0,0
"GUDE",0.0454545454545454,0.511363636363636,3.31818181818182,2,88,566,"Nigeria",2008,12613,9.4425625872236
"GUN",0.175675675675676,0,4.5,2,74,566,"Nigeria",2008,69734,11.1524576227928
"GWANDARA",0.150912106135987,0.613598673300166,3.87893864013267,16,603,566,"Nigeria",2008,0,0
"HAUSA",0.3284870513403,0.192412539754657,2.26533393911858,105,4402,566,"Nigeria",2008,130548,11.7795039141975
"IBIBIO",0.420994475138121,0.206629834254144,3.47403314917127,27,905,566,"Nigeria",2008,48808,10.7956700010663
"IBO",0.411325611325611,0.361647361647362,3.64890604890605,124,3885,566,"Nigeria",2008,401162,12.9021231074871
"IDOMA",0.527397260273973,0,2.51369863013699,3,146,566,"Nigeria",2008,0,0
"IFE",0.191428571428571,0.511428571428571,3.63428571428571,10,350,566,"Nigeria",2008,36,3.61091791264422
"IGALA",0.481395348837209,0.293023255813953,3.11860465116279,13,430,566,"Nigeria",2008,0,0
"IGBIRA",0.103030303030303,0.721212121212121,4.23030303030303,4,165,566,"Nigeria",2008,631,6.44888939414686
"IJAW",0.485530546623794,0.295819935691318,3.37942122186495,34,1244,566,"Nigeria",2008,27438,10.2197206380271
"IJEBU",0.265228426395939,0.782994923857868,4.40228426395939,23,788,566,"Nigeria",2008,0,0
"ISOKO",0.416909620991254,0.303206997084548,3.65014577259475,12,343,566,"Nigeria",2008,345,5.84643877505772
"ITSEKIRI",0.284615384615385,0.507692307692308,4.16923076923077,4,130,566,"Nigeria",2008,0,0
"IYALA",0.460431654676259,0,2.30935251798561,4,139,566,"Nigeria",2008,18,2.94443897916644
"JARAWA",0.251851851851852,0.303703703703704,2.0962962962963,3,135,566,"Nigeria",2008,18,2.94443897916644
"JEN",0.137254901960784,1,1.96078431372549,1,51,566,"Nigeria",2008,72,4.29045944114839
"JERAWA, CHAWAI (SW)",0.374485596707819,0.51440329218107,2.65432098765432,6,243,566,"Nigeria",2008,196,5.28320372873799
"JIBU",0.461538461538462,0,2.25,1,52,566,"Nigeria",2008,0,0
"JUKUN",0.498730964467005,0.370558375634518,2.3007614213198,16,788,566,"Nigeria",2008,162,5.09375020080676
"KADARA",0.973684210526316,0,2.60526315789474,1,38,566,"Nigeria",2008,196,5.28320372873799
"KAM",0.935483870967742,0,2.12903225806452,1,62,566,"Nigeria",2008,0,0
"KAMBERI",0.444444444444444,0.247474747474747,2.30808080808081,5,198,566,"Nigeria",2008,270,5.6021188208797
"KAMUKU",0.374100719424461,0,1.93525179856115,3,139,566,"Nigeria",2008,18,2.94443897916644
"KANURI",0.57037037037037,0.497530864197531,2.30123456790123,20,810,566,"Nigeria",2008,2195,7.69439280262942
"KAPSIKI",0.473214285714286,0,1.97321428571429,2,112,566,"Nigeria",2008,0,0
"KAREKARE",0.22,0.2,1.975,4,200,566,"Nigeria",2008,36,3.61091791264422
"KATAB",0.420382165605095,0,3.36942675159235,3,157,566,"Nigeria",2008,286,5.65948221575962
"KORO",0.031578947368421,0,4.76842105263158,2,95,566,"Nigeria",2008,72,4.29045944114839
"KOYAM",0.888888888888889,0,1.22222222222222,1,27,566,"Nigeria",2008,0,0
"KUKURUKU",0.274725274725275,0.315018315018315,3.73626373626374,7,273,566,"Nigeria",2008,541,6.29526600143965
"LONGUDA",0.384,0,1.736,3,125,566,"Nigeria",2008,0,0
"MADA",0.445820433436532,0,2.27554179566563,7,323,566,"Nigeria",2008,0,0
"MAGUZAWA",0.520061728395062,0.171296296296296,1.86574074074074,16,648,566,"Nigeria",2008,0,0
"MAMA",0.44,0,2.28,2,75,566,"Nigeria",2008,0,0
"MAMBILA",1,0,1.34,1,50,566,"Nigeria",2008,112,4.72738781871234
"MANDARA",0.948717948717949,0,1.15384615384615,1,39,566,"Nigeria",2008,0,0
"MANGA",0.632183908045977,0.195402298850575,1.22988505747126,5,174,566,"Nigeria",2008,74,4.31748811353631
"MARGI",0.4,0,1.38,1,50,566,"Nigeria",2008,0,0
"MATAKAM",0.276595744680851,0,2.80851063829787,1,47,566,"Nigeria",2008,0,0
"MBEMBE",0.702127659574468,0,2.51063829787234,1,47,566,"Nigeria",2008,18037,9.80023592272565
"MUMUYE",0.876712328767123,0,1.36301369863014,3,146,566,"Nigeria",2008,606,6.4085287910595
"NGE",0.292035398230088,0,2.9646017699115,3,113,566,"Nigeria",2008,0,0
"NGIZIM",0.580838323353293,0.251497005988024,1.63473053892216,4,167,566,"Nigeria",2008,36,3.61091791264422
"NUPE",0.583081570996979,0.108761329305136,2.99093655589124,8,331,566,"Nigeria",2008,58551,10.9776705272811
"ORRI",0.72972972972973,0.418918918918919,1.88513513513514,3,148,566,"Nigeria",2008,0,0
"RESHE",0.285714285714286,0,2.53061224489796,1,49,566,"Nigeria",2008,0,0
"SHUWA",0.878787878787879,0,1,1,33,566,"Nigeria",2008,0,0
"SOKOTO",0.291034482758621,0.195862068965517,2.19862068965517,18,725,566,"Nigeria",2008,0,0
"TANGALE",0.476839237057221,0.111716621253406,1.97275204359673,9,367,566,"Nigeria",2008,0,0
"TERA",0.478764478764479,0.166023166023166,2.16602316602317,6,259,566,"Nigeria",2008,0,0
"TIENGA",0.547619047619047,0,1.30952380952381,1,42,566,"Nigeria",2008,0,0
"TIGON",1,0,1.45833333333333,1,48,566,"Nigeria",2008,0,0
"TIV",0.439655172413793,0.245689655172414,2.31609195402299,19,696,566,"Nigeria",2008,361,5.89164421182577
"VERE",0.368421052631579,0.240601503759398,2.38345864661654,4,133,566,"Nigeria",2008,0,0
"WAKURA",0.59375,0,1.21875,1,32,566,"Nigeria",2008,0,0
"WARJAWA",0.349462365591398,0,1.53763440860215,4,186,566,"Nigeria",2008,0,0
"WURKUM",0.86,0,1.08,1,50,566,"Nigeria",2008,0,0
"YAKO",0.343558282208589,0,2.77914110429448,5,163,566,"Nigeria",2008,126,4.84418708645859
"YERGUM",0.402843601895734,0.194312796208531,2.52132701421801,4,211,566,"Nigeria",2008,0,0
"YESKWA",0.535714285714285,0,2.48469387755102,4,196,566,"Nigeria",2008,90,4.51085950651685
"YORUBA",0.258320914058619,0.512667660208644,3.60755091902633,61,2013,566,"Nigeria",2008,665966,13.4089953987454
"YUNGUR",0.0555555555555555,1,3.80555555555555,1,36,566,"Nigeria",2008,0,0
"ZUANDE, BATU (E)",0.217391304347826,0,2.71014492753624,1,69,566,"Nigeria",2008,0,0
"ZUMPER",0.783185840707965,0,2.17699115044248,5,226,566,"Nigeria",2008,126,4.84418708645859
"AUSHI",0.331360946745562,0.568047337278107,3.34023668639053,29,676,894,"Zambia",2013,0,0
"BEMBA",0.344186046511628,0.511627906976744,3.18953488372093,39,860,894,"Zambia",2013,3045,8.02158453345511
"BISA",0.258741258741259,0.734265734265734,3.47552447552448,6,143,894,"Zambia",2013,12743,9.45281585158988
"CHEWA",0.319767441860465,0.668604651162791,3.34883720930233,8,172,894,"Zambia",2013,9129,9.11932097358901
"ILA",0.339350180505415,0.530685920577617,3.1841155234657,12,277,894,"Zambia",2013,0,0
"IWA",0.494464944649447,0.265682656826568,2.69741697416974,11,271,894,"Zambia",2013,0,0
"KAONDE",0.314387211367673,0.47246891651865,3.11190053285968,25,563,894,"Zambia",2013,2814,7.94271754057379
"KUNDA",0.222614840989399,0.547703180212014,3.51943462897527,13,283,894,"Zambia",2013,0,0
"LALA",0.506849315068493,0.150684931506849,2.83561643835616,6,146,894,"Zambia",2013,1490,7.30720231476474
"LAMBA",0.389065479974571,0.466624284806103,3.15766052129689,71,1573,894,"Zambia",2013,563,6.33505425149806
"LAMBYA",0.388888888888889,0.583333333333333,2.63888888888889,2,36,894,"Zambia",2013,0,0
"LENJE",0.395492957746479,0.48169014084507,3.1087323943662,79,1775,894,"Zambia",2013,0,0
"LOZI",0.445300462249615,0.278890600924499,2.74114021571649,30,649,894,"Zambia",2013,0,0
"LUAPULA",0.33695652173913,0.554347826086957,3.1820652173913,16,368,894,"Zambia",2013,0,0
"LUKOKWE",0.333333333333333,0.580246913580247,2.7037037037037,4,81,894,"Zambia",2013,0,0
"LUNGU",0.448529411764706,0.544117647058823,3.13970588235294,12,272,894,"Zambia",2013,0,0
"LUVALE",0.658536585365854,0.219512195121951,2.74390243902439,4,82,894,"Zambia",2013,1376,7.22766249872865
"MASHASHA",0.212765957446809,1,4.25531914893617,2,47,894,"Zambia",2013,0,0
"MASHI",0.508064516129032,0.403225806451613,2.56451612903226,5,124,894,"Zambia",2013,0,0
"MBUNDA",0.428571428571428,1,4.74285714285714,1,35,894,"Zambia",2013,0,0
"MOMBERA",0.467741935483871,0.25,2.26612903225806,6,124,894,"Zambia",2013,0,0
"MPEZENI",0.333958724202627,0.446529080675422,3.27579737335835,21,533,894,"Zambia",2013,0,0
"NDEMBU",0.4,0.654545454545455,3.25,11,220,894,"Zambia",2013,393,5.97635090929793
"NKOYA",0.590551181102362,0,2.32283464566929,6,127,894,"Zambia",2013,0,0
"NSENGA",0.220973782771536,0.662921348314607,3.44943820224719,12,267,894,"Zambia",2013,86,4.46590811865458
"SENGA",0.392592592592593,0.17037037037037,2.85185185185185,6,135,894,"Zambia",2013,2872,7.96311205897929
"SHILA",0.54,0,1.82,2,50,894,"Zambia",2013,0,0
"SUBIA",0.328467153284672,0.397810218978102,3.30656934306569,12,274,894,"Zambia",2013,0,0
"TABWA",0.409420289855072,0.467391304347826,3.1231884057971,13,276,894,"Zambia",2013,0,0
"TONGA",0.358119658119658,0.605128205128205,3.24188034188034,48,1170,894,"Zambia",2013,261,5.5683445037611
"TOTELA",0.530864197530864,0.45679012345679,3.46913580246914,3,81,894,"Zambia",2013,0,0
"TUMBUKA",0.533333333333333,0.522222222222222,3.05555555555555,4,90,894,"Zambia",2013,12271,9.41507552360704
"UNGA",0.393617021276596,0.521276595744681,2.85106382978723,4,94,894,"Zambia",2013,0,0
"GANDA",0.52514539856312,0.21861101607937,3.33903523776941,130,2923,800,"Uganda",2006,4356,8.37953902611744
"GISU",0.693811074918567,0,2.92508143322476,13,307,800,"Uganda",2006,0,0
"LANGO",0.369565217391304,0,1.76086956521739,2,46,800,"Uganda",2006,0,0
"NYORO",0.619047619047619,0,3.28571428571428,1,21,800,"Uganda",2006,0,0
"SABEI",0.964285714285714,0,2.82142857142857,1,28,800,"Uganda",2006,0,0
"SOGA",0.570354457572503,0.0171858216970999,2.33834586466165,40,931,800,"Uganda",2006,174,5.16478597392351
"TESO",0.375,0,1.63541666666667,4,96,800,"Uganda",2006,0,0
"WANGA",0.790123456790123,0,3.2962962962963,3,81,800,"Uganda",2006,847,6.7428806357919
"ADAMAWA",0.28735632183908,0.295977011494253,2.26293103448276,29,696,120,"Cameroon",2004,0,0
"ANYANG",0.717391304347826,0,2.26086956521739,2,46,120,"Cameroon",2004,9431,9.15186344221721
"BAMILEKE",0.319682959048877,0.439894319682959,3.21268163804491,28,757,120,"Cameroon",2004,753,6.62539236800796
"BAYA",0.331632653061225,0.438775510204082,2.47959183673469,10,196,120,"Cameroon",2004,0,0
"DAMA",0.413793103448276,0,1.10344827586207,1,29,120,"Cameroon",2004,0,0
"DUALA",0.267441860465116,0.949612403100775,4.42732558139535,47,1032,120,"Cameroon",2004,5417,8.59748202264504
"DZEM",0.382352941176471,0,2.05882352941176,2,34,120,"Cameroon",2004,0,0
"FALI",0.636363636363636,0.267045454545455,1.69886363636364,5,176,120,"Cameroon",2004,0,0
"FANG",0.434065934065934,0.629370629370629,3.78271728271728,93,2002,120,"Cameroon",2004,1860,7.52886925664225
"FIA",0.436781609195402,0.134099616858238,2.97318007662835,9,261,120,"Cameroon",2004,188,5.24174701505964
"FUT",0.0796019900497512,0.417910447761194,3.50248756218905,7,201,120,"Cameroon",2004,94,4.55387689160054
"GALIM",0.380952380952381,1,4.0952380952381,1,21,120,"Cameroon",2004,0,0
"GISIGA",0.637931034482759,0.475862068965517,2.51724137931034,9,290,120,"Cameroon",2004,0,0
"GUDE",0.610169491525424,0,1.78813559322034,4,118,120,"Cameroon",2004,12613,9.4425625872236
"KAKA",0.460431654676259,0.294964028776978,2.30935251798561,8,139,120,"Cameroon",2004,2259,7.72312009226633
"KAPSIKI",0.957446808510638,0,1.21276595744681,3,47,120,"Cameroon",2004,0,0
"KEPERE",0.151515151515152,1,4.72727272727273,1,33,120,"Cameroon",2004,0,0
"KOKO",0.536480686695279,0.124463519313305,3.07725321888412,11,233,120,"Cameroon",2004,3153,8.05642676752298
"KOM",0.493333333333333,0.2,2.01333333333333,6,150,120,"Cameroon",2004,0,0
"KOSSI",0.226110363391655,0.674293405114401,3.23687752355316,32,743,120,"Cameroon",2004,282,5.64544689764324
"KOTOKO",1,0,1.6,1,10,120,"Cameroon",2004,0,0
"KOTOPO",1,0,1.5,1,18,120,"Cameroon",2004,0,0
"KPE",0.236263736263736,0.557692307692308,4.21703296703297,17,364,120,"Cameroon",2004,188,5.24174701505964
"KUNDU",0.397727272727273,0.556818181818182,3.46212121212121,12,264,120,"Cameroon",2004,1224,7.11069612297883
"LAKA (ADAMAWA",0.430555555555555,0.319444444444444,2.01388888888889,3,72,120,"Cameroon",2004,0,0
"LI",0.451612903225806,0.204301075268817,2.87096774193548,5,93,120,"Cameroon",2004,94,4.55387689160054
"MAKA",0.284745762711865,0.535593220338983,3.09152542372882,11,295,120,"Cameroon",2004,0,0
"MAMBILA",0.561797752808989,0.426966292134831,2.42696629213483,5,89,120,"Cameroon",2004,112,4.72738781871234
"MASA",0.5,0.259259259259259,1.14814814814815,2,54,120,"Cameroon",2004,0,0
"MATAKAM",0.482456140350877,0,1.33333333333333,5,114,120,"Cameroon",2004,0,0
"MBERE",0.535714285714285,0,2.67857142857143,1,28,120,"Cameroon",2004,0,0
"MBUM",0.381578947368421,0.651315789473684,3.78618421052632,14,304,120,"Cameroon",2004,0,0
"MUM",0.292035398230089,0.491150442477876,2.95575221238938,8,226,120,"Cameroon",2004,3247,8.08579470128157
"MUNDANG",0.508474576271186,0,1.64406779661017,2,59,120,"Cameroon",2004,0,0
"NAMSHI",0,0,1.5,1,32,120,"Cameroon",2004,0,0
"NDOB",0.427835051546392,0.314432989690722,2.25773195876289,10,194,120,"Cameroon",2004,3200,8.07121853996986
"NEN",0.0909090909090909,1,3.45454545454546,1,11,120,"Cameroon",2004,659,6.49223983502047
"NGUMBA",0.318181818181818,0.136363636363636,3.22727272727273,4,44,120,"Cameroon",2004,0,0
"NSAW",0.365853658536585,0.304878048780488,2.48780487804878,5,82,120,"Cameroon",2004,471,6.15697898558556
"NSUNGLI",0.0833333333333334,0,2.5,1,12,120,"Cameroon",2004,0,0
"PODOKWO",0.710526315789474,0.210526315789474,1.75,3,76,120,"Cameroon",2004,0,0
"PUKU",0.23943661971831,0.577464788732394,4,4,71,120,"Cameroon",2004,0,0
"SANGA",0.181818181818182,0.563636363636364,3.56363636363637,2,55,120,"Cameroon",2004,8343,9.02929799668061
"SHUWA",0.839285714285714,0,1.66071428571429,3,56,120,"Cameroon",2004,0,0
"TIGON",0.232323232323232,0.646464646464647,2.47474747474747,3,99,120,"Cameroon",2004,0,0
"TIKAR",0.193548387096774,0.838709677419355,2.90322580645161,2,31,120,"Cameroon",2004,1035,6.94312242281943
"TUBURI",0.78743961352657,0.202898550724638,1.6231884057971,7,207,120,"Cameroon",2004,0,0
"WIDEKUM",0.557971014492754,0.253623188405797,2.23188405797101,8,138,120,"Cameroon",2004,0,0
"BAJUN",0.0909090909090909,0,1.81818181818182,1,11,404,"Kenya",2014,0,0
"BARARETTA",0.524590163934426,0.377049180327869,1.79508196721311,54,488,404,"Kenya",2014,85,4.45434729625351
"BONI",0.6875,0,1.125,4,32,404,"Kenya",2014,0,0
"BORAN",0.361194029850746,0.232835820895522,1.68059701492537,37,335,404,"Kenya",2014,52,3.97029191355212
"CHAGA",0.0943396226415094,0.490566037735849,3.26415094339623,7,53,404,"Kenya",2014,174,5.16478597392351
"DIGO",0.275862068965517,0,1.10344827586207,3,29,404,"Kenya",2014,8700,9.07119324056602
"DOROBO",0.321782178217822,0.356435643564356,3.0049504950495,21,202,404,"Kenya",2014,0,0
"DURUMA",0.289473684210526,0.31578947368421,2.10526315789474,8,76,404,"Kenya",2014,1132,7.03262426102801
"GUSII",0.148148148148148,0.328554360812425,2.72640382317802,82,837,404,"Kenya",2014,0,0
"GYRIAMA",0.333333333333333,0,1.36363636363636,2,33,404,"Kenya",2014,0,0
"KAMBA",0.391304347826087,0.294466403162055,2.70750988142292,97,1012,404,"Kenya",2014,2640,7.87891291229713
"KARAMOJONG",0.625,0,1.0625,2,16,404,"Kenya",2014,0,0
"KEYU",0.253968253968254,0.26984126984127,2.65079365079365,20,189,404,"Kenya",2014,0,0
"KIKUYU",0.118924020764512,0.558282208588957,3.9976403964134,238,2119,404,"Kenya",2014,174,5.16478597392351
"KIPSIGI",0.338101430429129,0.349804941482445,2.76853055916775,78,769,404,"Kenya",2014,0,0
"LUO",0.290426908150065,0.293014230271669,2.8764553686934,162,1546,404,"Kenya",2014,435,6.07764224334903
"MASAI",0.198263386396527,0.309696092619392,2.74963820549928,72,691,404,"Kenya",2014,1132,7.03262426102801
"MERU",0.25609756097561,0.245426829268293,2.96493902439024,75,656,404,"Kenya",2014,86,4.46590811865458
"NANDI",0.143684820393975,0.412514484356895,3.39745075318656,83,863,404,"Kenya",2014,0,0
"POKOMO",0.376899696048632,0.626139817629179,2.51063829787234,32,329,404,"Kenya",2014,86,4.46590811865458
"RENDILE",0.636363636363636,0,1,3,22,404,"Kenya",2014,9,2.30258509299405
"RESHIAT",1,0,1,1,5,404,"Kenya",2014,0,0
"SABEI",0.23728813559322,0.135593220338983,2.40677966101695,6,59,404,"Kenya",2014,0,0
"SAMBURU",0.246376811594203,0.355072463768116,2.7360248447205,105,966,404,"Kenya",2014,0,0
"SANYE",0.582278481012658,0,1.12658227848101,7,79,404,"Kenya",2014,0,0
"SEGEJU",0.254405286343612,0.435022026431718,2.965859030837,92,908,404,"Kenya",2014,697,6.54821910276237
"SUK",0.314393939393939,0.227272727272727,2.29924242424242,57,528,404,"Kenya",2014,0,0
"TEITA",0.305263157894737,0.278947368421053,3.38421052631579,23,190,404,"Kenya",2014,348,5.85507192220243
"TURKANA",0.46046511627907,0.395348837209302,1.48372093023256,26,215,404,"Kenya",2014,0,0
"WANGA",0.285892634207241,0.240948813982522,2.8501872659176,75,801,404,"Kenya",2014,847,6.7428806357919
